Date,Time,Easting,Northing,Kp,Dcc,Gyro,Alt,Depth,GeographicalEast,GeographicalNorth,NavQ,Tide,PipeZ,PipeX
21/02/2025,05:46:32.839,330258.38,6042111.71,19.74663,-9206.02,339.86,-0.28,-39.20,12.37879489,54.49816339,0.0,0.00,-0.00,0.42
21/02/2025,05:46:32.842,330258.38,6042111.72,19.74663,-9206.01,339.86,-0.28,-39.20,12.37879481,54.49816347,0.0,0.00,-0.00,0.42
21/02/2025,05:46:32.984,330258.37,6042111.73,19.74663,-9206.01,339.86,-0.28,-39.20,12.37879471,54.49816356,0.0,0.00,-0.01,0.41
21/02/2025,05:46:33.117,330258.37,6042111.74,19.74663,-9206.00,339.86,-0.29,-39.20,12.37879461,54.49816364,0.0,0.00,-0.01,0.41
21/02/2025,05:46:33.253,330258.36,6042111.75,19.74663,-9206.00,339.86,-0.29,-39.21,12.37879451,54.49816377,0.0,0.00,-0.00,0.40
21/02/2025,05:46:33.256,330258.35,6042111.76,19.74663,-9205.99,339.86,-0.29,-39.21,12.37879443,54.49816385,0.0,0.00,-0.00,0.39
21/02/2025,05:46:33.418,330258.35,6042111.77,19.74663,-9205.99,339.87,-0.29,-39.22,12.37879431,54.49816393,0.0,0.00,0.00,0.39
21/02/2025,05:46:33.517,330258.34,6042111.78,19.74663,-9205.98,339.88,-0.29,-39.22,12.37879421,54.49816401,0.0,0.00,0.01,0.39
21/02/2025,05:46:33.664,330258.33,6042111.79,19.74663,-9205.98,339.89,-0.29,-39.23,12.37879407,54.49816408,0.0,0.00,0.01,0.38
21/02/2025,05:46:33.778,330258.32,6042111.80,19.74663,-9205.98,339.91,-0.29,-39.23,12.37879395,54.49816416,0.0,0.00,0.02,0.38
21/02/2025,05:46:33.781,330258.32,6042111.81,19.74663,-9205.97,339.91,-0.29,-39.23,12.37879386,54.49816428,0.0,0.00,0.02,0.37
21/02/2025,05:46:33.914,330258.31,6042111.82,19.74663,-9205.97,339.93,-0.28,-39.24,12.37879372,54.49816435,0.0,0.00,0.03,0.37
21/02/2025,05:46:34.023,330258.30,6042111.83,19.74663,-9205.97,339.96,-0.27,-39.23,12.37879359,54.49816442,0.0,0.00,0.04,0.37
21/02/2025,05:46:34.154,330258.29,6042111.83,19.74663,-9205.97,340.00,-0.21,-39.17,12.37879344,54.49816449,0.0,0.00,0.04,0.37
21/02/2025,05:46:34.157,330258.29,6042111.75,19.74663,-9206.03,340.00,-0.20,-39.17,12.37879352,54.49816374,0.0,0.00,0.04,0.44
21/02/2025,05:46:34.261,330258.29,6042111.76,19.74663,-9206.03,340.03,-0.17,-39.14,12.37879337,54.49816380,0.0,0.00,0.05,0.44
21/02/2025,05:46:34.414,330258.28,6042111.77,19.74663,-9206.03,340.08,-0.17,-39.14,12.37879329,54.49816387,0.0,0.00,0.05,0.43
21/02/2025,05:46:34.518,330258.28,6042111.78,19.74663,-9206.02,340.11,-0.16,-39.15,12.37879324,54.49816398,0.0,0.00,0.06,0.42
21/02/2025,05:46:34.669,330258.27,6042111.79,19.74663,-9206.02,340.15,-0.16,-39.15,12.37879308,54.49816404,0.0,0.00,0.07,0.42
21/02/2025,05:46:34.811,330258.26,6042111.79,19.74663,-9206.02,340.19,-0.15,-39.15,12.37879302,54.49816411,0.0,0.00,0.07,0.42
21/02/2025,05:46:34.814,330258.26,6042111.81,19.74663,-9206.01,340.19,-0.15,-39.15,12.37879302,54.49816423,0.0,0.00,0.07,0.41
21/02/2025,05:46:34.917,330258.26,6042111.81,19.74663,-9206.00,340.23,-0.15,-39.15,12.37879297,54.49816430,0.0,0.00,0.08,0.40
21/02/2025,05:46:35.023,330258.26,6042111.83,19.74663,-9205.99,340.25,-0.14,-39.15,12.37879293,54.49816442,0.0,0.00,0.08,0.39
21/02/2025,05:46:35.165,330258.26,6042111.84,19.74663,-9205.99,340.29,-0.14,-39.15,12.37879288,54.49816449,0.0,0.00,0.09,0.39
21/02/2025,05:46:35.313,330258.23,6042111.90,19.74663,-9205.95,340.34,-0.13,-39.14,12.37879247,54.49816501,0.0,0.00,0.09,0.35
21/02/2025,05:46:35.317,330258.24,6042111.90,19.74663,-9205.94,340.35,-0.13,-39.14,12.37879256,54.49816510,0.0,0.00,0.09,0.34
21/02/2025,05:46:35.415,330258.23,6042111.91,19.74663,-9205.94,340.39,-0.13,-39.14,12.37879249,54.49816517,0.0,0.00,0.08,0.34
21/02/2025,05:46:35.531,330258.24,6042111.92,19.74663,-9205.93,340.45,-0.09,-39.10,12.37879250,54.49816524,0.0,0.00,0.08,0.33
21/02/2025,05:46:35.534,330258.25,6042111.92,19.74663,-9205.92,340.45,-0.09,-39.10,12.37879267,54.49816528,0.0,0.00,0.08,0.32
21/02/2025,05:46:35.665,330258.24,6042111.93,19.74663,-9205.92,340.53,-0.03,-39.04,12.37879264,54.49816530,0.0,0.00,0.08,0.32
21/02/2025,05:46:35.778,330258.24,6042111.93,19.74663,-9205.91,340.62,-0.03,-39.03,12.37879261,54.49816536,0.0,0.00,0.08,0.32
21/02/2025,05:46:35.914,330258.24,6042111.93,19.74663,-9205.91,340.73,-0.02,-39.03,12.37879263,54.49816537,0.0,0.00,0.09,0.31
21/02/2025,05:46:36.024,330258.25,6042111.94,19.74663,-9205.91,340.83,-0.02,-39.03,12.37879266,54.49816539,0.0,0.00,0.09,0.31
21/02/2025,05:46:36.155,330258.25,6042111.94,19.74663,-9205.90,340.95,-0.01,-39.03,12.37879268,54.49816543,0.0,0.00,0.10,0.31
21/02/2025,05:46:36.158,330258.26,6042111.94,19.74663,-9205.90,340.95,-0.01,-39.03,12.37879285,54.49816539,0.0,0.00,0.10,0.30
21/02/2025,05:46:36.270,330258.26,6042111.94,19.74663,-9205.90,341.05,0.00,-39.02,12.37879290,54.49816541,0.0,0.00,0.10,0.30
21/02/2025,05:46:36.415,330258.26,6042111.94,19.74663,-9205.90,341.15,0.01,-39.02,12.37879288,54.49816546,0.0,0.00,0.11,0.30
21/02/2025,05:46:36.595,330258.27,6042111.95,19.74663,-9205.88,341.19,0.03,-39.02,12.37879305,54.49816553,0.0,0.00,0.12,0.28
21/02/2025,05:46:36.601,330258.27,6042111.96,19.74663,-9205.87,341.19,0.03,-39.02,12.37879305,54.49816561,0.0,0.00,0.12,0.28
21/02/2025,05:46:36.719,330258.28,6042111.97,19.74663,-9205.86,341.18,0.04,-39.02,12.37879320,54.49816570,0.0,0.00,0.13,0.26
21/02/2025,05:46:36.723,330258.28,6042111.98,19.74663,-9205.85,341.18,0.04,-39.02,12.37879320,54.49816578,0.0,0.00,0.13,0.26
21/02/2025,05:46:36.913,330258.29,6042111.99,19.74663,-9205.84,341.10,0.05,-39.01,12.37879330,54.49816588,0.0,0.00,0.13,0.24
21/02/2025,05:46:37.024,330258.30,6042112.00,19.74663,-9205.83,341.05,0.05,-39.01,12.37879342,54.49816598,0.0,0.00,0.14,0.23
21/02/2025,05:46:37.164,330258.30,6042112.02,19.74663,-9205.81,340.95,0.05,-39.01,12.37879351,54.49816613,0.0,0.00,0.14,0.21
21/02/2025,05:46:37.310,330258.31,6042112.04,19.74663,-9205.79,340.85,0.06,-39.01,12.37879351,54.49816633,0.0,0.00,0.14,0.19
21/02/2025,05:46:37.313,330258.31,6042112.05,19.74663,-9205.78,340.85,0.06,-39.01,12.37879352,54.49816646,0.0,0.00,0.14,0.18
21/02/2025,05:46:37.415,330258.31,6042112.06,19.74663,-9205.77,340.77,0.06,-39.01,12.37879355,54.49816656,0.0,0.00,0.14,0.17
21/02/2025,05:46:37.530,330258.31,6042112.08,19.74663,-9205.76,340.68,0.06,-39.00,12.37879352,54.49816671,0.0,0.00,0.14,0.16
21/02/2025,05:46:37.533,330258.30,6042112.10,19.74663,-9205.74,340.68,0.06,-39.00,12.37879344,54.49816688,0.0,0.00,0.14,0.15
21/02/2025,05:46:37.666,330258.31,6042112.12,19.74663,-9205.73,340.58,0.05,-39.00,12.37879349,54.49816703,0.0,0.00,0.13,0.13
21/02/2025,05:46:37.777,330258.31,6042112.13,19.74663,-9205.71,340.49,0.05,-39.00,12.37879353,54.49816718,0.0,0.00,0.13,0.11
21/02/2025,05:46:37.914,330258.31,6042112.15,19.74663,-9205.69,340.37,0.05,-39.00,12.37879360,54.49816733,0.0,0.00,0.12,0.10
21/02/2025,05:46:38.024,330258.32,6042112.17,19.74663,-9205.68,340.27,0.04,-39.00,12.37879362,54.49816749,0.0,0.00,0.12,0.08
21/02/2025,05:46:38.148,330258.32,6042112.19,19.74663,-9205.66,340.16,0.04,-39.00,12.37879358,54.49816768,0.0,0.00,0.11,0.07
21/02/2025,05:46:38.151,330258.37,6042112.08,19.74663,-9205.72,340.16,0.03,-39.00,12.37879451,54.49816668,0.0,0.00,0.11,0.13
21/02/2025,05:46:38.256,330258.37,6042112.10,19.74663,-9205.71,340.07,0.03,-39.00,12.37879452,54.49816687,0.0,0.00,0.11,0.11
21/02/2025,05:46:38.415,330258.37,6042112.12,19.74663,-9205.69,339.95,0.02,-39.00,12.37879447,54.49816706,0.0,0.00,0.10,0.09
21/02/2025,05:46:38.521,330258.37,6042112.13,19.74663,-9205.68,339.86,0.02,-39.01,12.37879448,54.49816721,0.0,0.00,0.10,0.08
21/02/2025,05:46:38.665,330258.37,6042112.15,19.74663,-9205.66,339.75,0.01,-39.01,12.37879450,54.49816737,0.0,0.00,0.09,0.06
21/02/2025,05:46:38.815,330258.37,6042112.17,19.74663,-9205.64,339.63,-0.00,-39.01,12.37879445,54.49816757,0.0,0.00,0.08,0.05
21/02/2025,05:46:38.818,330258.37,6042112.19,19.74663,-9205.63,339.62,-0.00,-39.01,12.37879437,54.49816773,0.0,0.00,0.08,0.03
21/02/2025,05:46:39.025,330258.37,6042112.21,19.74663,-9205.62,339.48,-0.01,-39.01,12.37879434,54.49816790,0.0,0.00,0.07,0.02
21/02/2025,05:46:39.028,330258.36,6042112.23,19.74663,-9205.60,339.48,-0.01,-39.01,12.37879426,54.49816807,0.0,0.00,0.07,0.01
21/02/2025,05:46:39.170,330258.36,6042112.25,19.74663,-9205.59,339.38,-0.02,-39.01,12.37879427,54.49816822,0.0,0.00,0.07,-0.01
21/02/2025,05:46:39.316,330258.36,6042112.27,19.74663,-9205.57,339.28,-0.03,-39.01,12.37879428,54.49816842,0.0,0.00,0.06,-0.03
21/02/2025,05:46:39.319,330258.36,6042112.28,19.74663,-9205.56,339.28,-0.03,-39.01,12.37879420,54.49816854,0.0,0.00,0.06,-0.04
21/02/2025,05:46:39.453,330258.35,6042112.31,19.74663,-9205.55,339.19,-0.04,-39.01,12.37879412,54.49816874,0.0,0.00,0.05,-0.05
21/02/2025,05:46:39.457,330258.35,6042112.32,19.74663,-9205.53,339.19,-0.04,-39.01,12.37879404,54.49816891,0.0,0.00,0.05,-0.07
21/02/2025,05:46:39.613,330258.35,6042112.34,19.74663,-9205.52,339.10,-0.05,-39.02,12.37879405,54.49816906,0.0,0.00,0.04,-0.08
21/02/2025,05:46:39.778,330258.35,6042112.36,19.74663,-9205.50,339.02,-0.06,-39.02,12.37879397,54.49816926,0.0,0.00,0.03,-0.10
21/02/2025,05:46:39.781,330258.34,6042112.38,19.74663,-9205.49,339.02,-0.06,-39.02,12.37879389,54.49816943,0.0,0.00,0.03,-0.11
21/02/2025,05:46:39.918,330258.34,6042112.40,19.74663,-9205.47,338.95,-0.07,-39.02,12.37879389,54.49816962,0.0,0.00,0.02,-0.13
21/02/2025,05:46:40.024,330258.34,6042112.42,19.74663,-9205.46,338.91,-0.08,-39.02,12.37879387,54.49816977,0.0,0.00,0.02,-0.14
21/02/2025,05:46:40.155,330258.34,6042112.44,19.74663,-9205.44,338.85,-0.08,-39.02,12.37879386,54.49816996,0.0,0.00,0.01,-0.16
21/02/2025,05:46:40.158,330258.29,6042112.46,19.74663,-9205.46,338.85,-0.08,-39.02,12.37879310,54.49817008,0.0,0.00,0.01,-0.14
21/02/2025,05:46:40.272,330258.29,6042112.48,19.74663,-9205.44,338.80,-0.09,-39.02,12.37879309,54.49817027,0.0,0.00,0.01,-0.16
21/02/2025,05:46:40.414,330258.29,6042112.50,19.74663,-9205.42,338.76,-0.10,-39.02,12.37879308,54.49817046,0.0,0.00,0.00,-0.18
21/02/2025,05:46:40.518,330258.29,6042112.52,19.74663,-9205.40,338.72,-0.10,-39.03,12.37879305,54.49817065,0.0,0.00,0.00,-0.19
21/02/2025,05:46:40.524,330258.29,6042112.54,19.74663,-9205.39,338.72,-0.10,-39.03,12.37879297,54.49817081,0.0,0.00,0.00,-0.21
21/02/2025,05:46:40.812,330258.29,6042112.56,19.74663,-9205.37,338.66,-0.10,-39.03,12.37879292,54.49817101,0.0,0.00,-0.00,-0.22
21/02/2025,05:46:40.815,330258.28,6042112.58,19.74663,-9205.36,338.66,-0.10,-39.03,12.37879284,54.49817118,0.0,0.00,-0.00,-0.24
21/02/2025,05:46:40.915,330258.28,6042112.59,19.74663,-9205.35,338.63,-0.10,-39.03,12.37879280,54.49817131,0.0,0.00,0.00,-0.25
21/02/2025,05:46:41.024,330258.28,6042112.61,19.74663,-9205.34,338.61,-0.10,-39.03,12.37879276,54.49817149,0.0,0.00,0.00,-0.26
21/02/2025,05:46:41.168,330258.28,6042112.63,19.74663,-9205.32,338.59,-0.10,-39.03,12.37879273,54.49817166,0.0,0.00,0.00,-0.28
21/02/2025,05:46:41.315,330258.23,6042112.66,19.74663,-9205.33,338.57,-0.10,-39.03,12.37879201,54.49817188,0.0,0.00,0.01,-0.27
21/02/2025,05:46:41.318,330258.23,6042112.68,19.74663,-9205.31,338.57,-0.10,-39.03,12.37879193,54.49817205,0.0,0.00,0.01,-0.28
21/02/2025,05:46:41.417,330258.22,6042112.70,19.74663,-9205.30,338.56,-0.10,-39.03,12.37879187,54.49817222,0.0,0.00,0.01,-0.30
21/02/2025,05:46:41.552,330258.21,6042112.72,19.74663,-9205.29,338.55,-0.09,-39.03,12.37879172,54.49817238,0.0,0.00,0.01,-0.31
21/02/2025,05:46:41.555,330258.21,6042112.74,19.74663,-9205.28,338.55,-0.09,-39.03,12.37879164,54.49817255,0.0,0.00,0.01,-0.32
21/02/2025,05:46:41.666,330258.20,6042112.75,19.74663,-9205.27,338.55,-0.09,-39.03,12.37879147,54.49817271,0.0,0.00,0.02,-0.33
21/02/2025,05:46:41.782,330258.20,6042112.77,19.74663,-9205.25,338.55,-0.09,-39.03,12.37879139,54.49817288,0.0,0.00,0.02,-0.34
21/02/2025,05:46:41.919,330258.18,6042112.79,19.74663,-9205.25,338.57,-0.08,-39.03,12.37879121,54.49817303,0.0,0.00,0.02,-0.35
21/02/2025,05:46:42.023,330258.18,6042112.81,19.74663,-9205.23,338.57,-0.08,-39.03,12.37879111,54.49817319,0.0,0.00,0.03,-0.36
21/02/2025,05:46:42.153,330258.17,6042112.83,19.74663,-9205.23,338.59,-0.07,-39.03,12.37879092,54.49817335,0.0,0.00,0.03,-0.37
21/02/2025,05:46:42.156,330258.16,6042112.84,19.74663,-9205.21,338.59,-0.07,-39.03,12.37879084,54.49817352,0.0,0.00,0.03,-0.38
21/02/2025,05:46:42.276,330258.15,6042112.86,19.74663,-9205.21,338.60,-0.07,-39.03,12.37879064,54.49817367,0.0,0.00,0.04,-0.39
21/02/2025,05:46:42.416,330258.14,6042112.88,19.74663,-9205.19,338.62,-0.06,-39.03,12.37879053,54.49817387,0.0,0.00,0.04,-0.41
21/02/2025,05:46:42.529,330258.13,6042112.90,19.74663,-9205.18,338.64,-0.06,-39.03,12.37879033,54.49817403,0.0,0.00,0.05,-0.41
21/02/2025,05:46:42.536,330258.12,6042112.92,19.74663,-9205.17,338.64,-0.06,-39.03,12.37879016,54.49817419,0.0,0.00,0.05,-0.42
21/02/2025,05:46:42.836,330258.11,6042112.94,19.74663,-9205.17,338.70,-0.05,-39.03,12.37878998,54.49817433,0.0,0.00,0.06,-0.43
21/02/2025,05:46:42.839,330258.10,6042112.96,19.74663,-9205.16,338.70,-0.05,-39.03,12.37878982,54.49817450,0.0,0.00,0.06,-0.44
21/02/2025,05:46:42.842,330258.09,6042112.97,19.74663,-9205.15,338.70,-0.05,-39.03,12.37878973,54.49817466,0.0,0.00,0.06,-0.45
21/02/2025,05:46:42.989,330258.08,6042113.00,19.74663,-9205.14,338.74,-0.04,-39.03,12.37878951,54.49817486,0.0,0.00,0.07,-0.46
21/02/2025,05:46:43.112,330258.07,6042113.01,19.74663,-9205.13,338.77,-0.04,-39.03,12.37878938,54.49817501,0.0,0.00,0.07,-0.47
21/02/2025,05:46:43.249,330258.03,6042113.04,19.74663,-9205.13,338.79,-0.04,-39.03,12.37878867,54.49817521,0.0,0.00,0.07,-0.47
21/02/2025,05:46:43.252,330258.02,6042113.06,19.74663,-9205.12,338.79,-0.04,-39.03,12.37878850,54.49817538,0.0,0.00,0.07,-0.48
21/02/2025,05:46:43.408,330258.01,6042113.08,19.74663,-9205.11,338.83,-0.03,-39.02,12.37878836,54.49817558,0.0,0.00,0.06,-0.49
21/02/2025,05:46:43.511,330258.00,6042113.10,19.74663,-9205.10,338.86,0.01,-38.97,12.37878815,54.49817574,0.0,0.00,0.06,-0.50
21/02/2025,05:46:43.628,330257.99,6042113.12,19.74663,-9205.09,338.90,0.05,-38.92,12.37878800,54.49817591,0.0,0.00,0.04,-0.51
21/02/2025,05:46:43.631,330257.98,6042113.14,19.74663,-9205.08,338.90,0.05,-38.92,12.37878784,54.49817612,0.0,0.00,0.04,-0.52
21/02/2025,05:46:43.782,330257.96,6042113.17,19.74663,-9205.06,338.95,0.02,-38.91,12.37878758,54.49817635,0.0,0.00,0.01,-0.53
21/02/2025,05:46:43.918,330257.95,6042113.19,19.74663,-9205.05,339.02,0.00,-38.91,12.37878739,54.49817652,0.0,0.00,-0.01,-0.54
21/02/2025,05:46:44.024,330257.94,6042113.21,19.74663,-9205.04,339.06,-0.01,-38.91,12.37878724,54.49817673,0.0,0.00,-0.02,-0.56
21/02/2025,05:46:44.027,330257.93,6042113.23,19.74663,-9205.03,339.07,-0.01,-38.91,12.37878707,54.49817694,0.0,0.00,-0.02,-0.57
21/02/2025,05:46:44.158,330257.93,6042113.26,19.74663,-9205.01,339.13,-0.03,-38.91,12.37878698,54.49817716,0.0,0.00,-0.04,-0.59
21/02/2025,05:46:44.280,330257.91,6042113.29,19.74663,-9205.00,339.17,-0.02,-38.88,12.37878676,54.49817739,0.0,0.00,-0.06,-0.60
21/02/2025,05:46:44.417,330257.91,6042113.31,19.74663,-9204.98,339.20,0.03,-38.81,12.37878662,54.49817762,0.0,0.00,-0.09,-0.62
21/02/2025,05:46:44.526,330257.90,6042113.33,19.74663,-9204.97,339.23,0.02,-38.80,12.37878650,54.49817780,0.0,0.00,-0.10,-0.63
21/02/2025,05:46:44.528,330257.89,6042113.36,19.74663,-9204.95,339.23,0.02,-38.80,12.37878633,54.49817801,0.0,0.00,-0.10,-0.65
21/02/2025,05:46:44.841,330257.88,6042113.38,19.74663,-9204.94,339.31,-0.02,-38.80,12.37878615,54.49817826,0.0,0.00,-0.14,-0.66
21/02/2025,05:46:44.844,330257.87,6042113.41,19.74663,-9204.92,339.31,-0.02,-38.80,12.37878606,54.49817847,0.0,0.00,-0.14,-0.68
21/02/2025,05:46:44.847,330257.86,6042113.43,19.74663,-9204.91,339.31,-0.02,-38.80,12.37878589,54.49817863,0.0,0.00,-0.14,-0.69
21/02/2025,05:46:44.998,330257.86,6042113.45,19.74663,-9204.89,339.35,-0.03,-38.80,12.37878577,54.49817886,0.0,0.00,-0.16,-0.71
21/02/2025,05:46:45.118,330257.85,6042113.47,19.74663,-9204.88,339.40,-0.00,-38.76,12.37878563,54.49817903,0.0,0.00,-0.16,-0.72
21/02/2025,05:46:45.252,330257.85,6042113.50,19.74663,-9204.86,339.44,0.05,-38.70,12.37878558,54.49817928,0.0,0.00,-0.17,-0.74
21/02/2025,05:46:45.255,330257.84,6042113.52,19.74663,-9204.84,339.44,0.05,-38.70,12.37878550,54.49817949,0.0,0.00,-0.17,-0.75
21/02/2025,05:46:45.415,330257.83,6042113.54,19.74663,-9204.84,339.50,0.05,-38.70,12.37878527,54.49817965,0.0,0.00,-0.17,-0.76
21/02/2025,05:46:45.524,330257.82,6042113.56,19.74663,-9204.82,339.54,0.05,-38.70,12.37878514,54.49817985,0.0,0.00,-0.17,-0.78
21/02/2025,05:46:45.527,330257.81,6042113.59,19.74663,-9204.81,339.54,0.05,-38.70,12.37878506,54.49818006,0.0,0.00,-0.17,-0.79
21/02/2025,05:46:45.653,330257.81,6042113.60,19.74663,-9204.79,339.58,0.05,-38.70,12.37878493,54.49818022,0.0,0.00,-0.17,-0.80
21/02/2025,05:46:45.805,330257.80,6042113.63,19.74663,-9204.78,339.62,0.06,-38.70,12.37878481,54.49818041,0.0,0.00,-0.16,-0.82
21/02/2025,05:46:45.916,330257.79,6042113.64,19.74663,-9204.77,339.64,0.07,-38.70,12.37878462,54.49818056,0.0,0.00,-0.16,-0.82
21/02/2025,05:46:46.024,330257.78,6042113.66,19.74663,-9204.76,339.67,0.08,-38.70,12.37878451,54.49818071,0.0,0.00,-0.15,-0.83
21/02/2025,05:46:46.168,330257.77,6042113.68,19.74663,-9204.75,339.71,0.14,-38.65,12.37878438,54.49818089,0.0,0.00,-0.13,-0.85
21/02/2025,05:46:46.293,330257.79,6042113.73,19.74663,-9204.71,339.74,0.20,-38.61,12.37878453,54.49818133,0.0,0.00,-0.11,-0.89
21/02/2025,05:46:46.296,330257.78,6042113.75,19.74663,-9204.69,339.74,0.20,-38.61,12.37878444,54.49818149,0.0,0.00,-0.11,-0.91
21/02/2025,05:46:46.419,330257.77,6042113.77,19.74663,-9204.68,339.75,0.22,-38.61,12.37878426,54.49818168,0.0,0.00,-0.09,-0.92
21/02/2025,05:46:46.529,330257.76,6042113.78,19.74663,-9204.67,339.76,0.23,-38.62,12.37878417,54.49818182,0.0,0.00,-0.08,-0.93
21/02/2025,05:46:46.535,330257.75,6042113.80,19.74663,-9204.66,339.76,0.23,-38.62,12.37878400,54.49818199,0.0,0.00,-0.08,-0.94
21/02/2025,05:46:46.667,330257.75,6042113.82,19.74663,-9204.65,339.76,0.25,-38.62,12.37878392,54.49818217,0.0,0.00,-0.05,-0.95
21/02/2025,05:46:46.846,330257.74,6042113.84,19.74663,-9204.64,339.76,0.29,-38.62,12.37878376,54.49818229,0.0,0.00,-0.01,-0.96
21/02/2025,05:46:46.849,330257.74,6042113.86,19.74663,-9204.63,339.76,0.29,-38.63,12.37878368,54.49818246,0.0,0.00,-0.01,-0.97
21/02/2025,05:46:47.007,330257.72,6042113.88,19.74663,-9204.62,339.78,0.32,-38.63,12.37878350,54.49818263,0.0,0.00,0.03,-0.98
21/02/2025,05:46:47.122,330257.72,6042113.89,19.74663,-9204.61,339.79,0.34,-38.63,12.37878340,54.49818276,0.0,0.00,0.05,-0.99
21/02/2025,05:46:47.125,330257.71,6042113.91,19.74663,-9204.59,339.79,0.34,-38.63,12.37878332,54.49818297,0.0,0.00,0.05,-1.00
21/02/2025,05:46:47.258,330257.70,6042113.93,19.74663,-9204.59,339.82,0.36,-38.63,12.37878312,54.49818311,0.0,0.00,0.07,-1.01
21/02/2025,05:46:47.416,330257.70,6042113.95,19.74663,-9204.58,339.85,0.39,-38.63,12.37878301,54.49818328,0.0,0.00,0.10,-1.02
21/02/2025,05:46:47.523,330257.68,6042113.97,19.74663,-9204.57,339.87,0.41,-38.64,12.37878282,54.49818347,0.0,0.00,0.12,-1.03
21/02/2025,05:46:47.532,330257.68,6042113.99,19.74663,-9204.55,339.87,0.41,-38.64,12.37878273,54.49818368,0.0,0.00,0.12,-1.05
21/02/2025,05:46:47.815,330257.67,6042114.01,19.74663,-9204.55,339.92,0.39,-38.70,12.37878252,54.49818378,0.0,0.00,0.17,-1.05
21/02/2025,05:46:47.818,330257.66,6042114.03,19.74663,-9204.53,339.92,0.39,-38.70,12.37878235,54.49818399,0.0,0.00,0.17,-1.06
21/02/2025,05:46:47.917,330257.65,6042114.05,19.74663,-9204.52,339.95,0.37,-38.74,12.37878224,54.49818414,0.0,0.00,0.18,-1.08
21/02/2025,05:46:48.024,330257.64,6042114.07,19.74663,-9204.51,339.96,0.38,-38.74,12.37878206,54.49818434,0.0,0.00,0.20,-1.09
21/02/2025,05:46:48.027,330257.63,6042114.09,19.74663,-9204.49,339.96,0.38,-38.74,12.37878198,54.49818455,0.0,0.00,0.20,-1.10
21/02/2025,05:46:48.299,330257.63,6042114.14,19.74663,-9204.46,340.03,0.40,-38.74,12.37878183,54.49818498,0.0,0.00,0.22,-1.14
21/02/2025,05:46:48.302,330257.62,6042114.17,19.74663,-9204.45,340.03,0.40,-38.74,12.37878167,54.49818519,0.0,0.00,0.22,-1.15
21/02/2025,05:46:48.416,330257.61,6042114.19,19.74663,-9204.43,340.05,0.41,-38.74,12.37878157,54.49818539,0.0,0.00,0.23,-1.17
21/02/2025,05:46:48.519,330257.60,6042114.21,19.74663,-9204.42,340.07,0.41,-38.75,12.37878140,54.49818560,0.0,0.00,0.23,-1.18
21/02/2025,05:46:48.522,330257.59,6042114.23,19.74663,-9204.40,340.07,0.41,-38.75,12.37878123,54.49818581,0.0,0.00,0.23,-1.20
21/02/2025,05:46:48.667,330257.59,6042114.26,19.74663,-9204.39,340.08,0.41,-38.75,12.37878114,54.49818601,0.0,0.00,0.23,-1.21
21/02/2025,05:46:48.769,330257.58,6042114.29,19.74663,-9204.37,340.08,0.41,-38.75,12.37878098,54.49818627,0.0,0.00,0.23,-1.23
21/02/2025,05:46:48.915,330257.57,6042114.31,19.74663,-9204.35,340.06,0.40,-38.75,12.37878084,54.49818649,0.0,0.00,0.23,-1.25
21/02/2025,05:46:49.024,330257.56,6042114.34,19.74663,-9204.33,340.03,0.40,-38.75,12.37878071,54.49818675,0.0,0.00,0.23,-1.27
21/02/2025,05:46:49.167,330257.55,6042114.37,19.74663,-9204.32,340.00,0.40,-38.75,12.37878059,54.49818697,0.0,0.00,0.22,-1.28
21/02/2025,05:46:49.318,330257.55,6042114.40,19.74663,-9204.30,339.97,0.39,-38.74,12.37878045,54.49818723,0.0,0.00,0.21,-1.30
21/02/2025,05:46:49.321,330257.54,6042114.42,19.74663,-9204.28,339.97,0.39,-38.74,12.37878029,54.49818744,0.0,0.00,0.21,-1.32
21/02/2025,05:46:49.329,330257.53,6042114.44,19.74663,-9204.27,339.97,0.39,-38.74,12.37878012,54.49818765,0.0,0.00,0.21,-1.33
21/02/2025,05:46:49.488,330257.52,6042114.47,19.74663,-9204.25,339.94,0.38,-38.74,12.37877998,54.49818787,0.0,0.00,0.19,-1.34
21/02/2025,05:46:49.638,330257.51,6042114.50,19.74663,-9204.23,339.93,0.32,-38.79,12.37877981,54.49818813,0.0,0.00,0.18,-1.36
21/02/2025,05:46:49.641,330257.50,6042114.52,19.74663,-9204.22,339.93,0.32,-38.79,12.37877964,54.49818834,0.0,0.00,0.18,-1.38
21/02/2025,05:46:49.797,330257.49,6042114.55,19.74663,-9204.21,339.92,0.26,-38.83,12.37877947,54.49818856,0.0,0.00,0.16,-1.39
21/02/2025,05:46:49.917,330257.48,6042114.57,19.74663,-9204.19,339.92,0.25,-38.82,12.37877930,54.49818878,0.0,0.00,0.15,-1.41
21/02/2025,05:46:50.024,330257.46,6042114.60,19.74663,-9204.18,339.91,0.24,-38.82,12.37877905,54.49818904,0.0,0.00,0.14,-1.42
21/02/2025,05:46:50.171,330257.45,6042114.63,19.74663,-9204.16,339.89,0.23,-38.82,12.37877890,54.49818927,0.0,0.00,0.13,-1.44
21/02/2025,05:46:50.278,330257.49,6042114.72,19.74663,-9204.07,339.87,0.22,-38.82,12.37877932,54.49819012,0.0,0.00,0.12,-1.53
21/02/2025,05:46:50.281,330257.48,6042114.74,19.74663,-9204.05,339.87,0.22,-38.82,12.37877916,54.49819033,0.0,0.00,0.12,-1.54
21/02/2025,05:46:50.418,330257.46,6042114.77,19.74663,-9204.04,339.85,0.21,-38.82,12.37877892,54.49819055,0.0,0.00,0.11,-1.56
21/02/2025,05:46:50.605,330257.45,6042114.79,19.74663,-9204.02,339.82,0.20,-38.81,12.37877877,54.49819078,0.0,0.00,0.09,-1.57
21/02/2025,05:46:50.609,330257.44,6042114.82,19.74663,-9204.01,339.82,0.20,-38.81,12.37877861,54.49819099,0.0,0.00,0.09,-1.59
21/02/2025,05:46:50.758,330257.43,6042114.85,19.74663,-9203.99,339.79,0.19,-38.81,12.37877846,54.49819126,0.0,0.00,0.08,-1.61
21/02/2025,05:46:50.761,330257.42,6042114.87,19.74663,-9203.98,339.79,0.19,-38.81,12.37877820,54.49819147,0.0,0.00,0.08,-1.62
21/02/2025,05:46:50.922,330257.41,6042114.90,19.74663,-9203.96,339.76,0.18,-38.81,12.37877806,54.49819169,0.0,0.00,0.06,-1.63
21/02/2025,05:46:51.025,330257.40,6042114.93,19.74663,-9203.95,339.75,0.17,-38.81,12.37877783,54.49819195,0.0,0.00,0.06,-1.65
21/02/2025,05:46:51.170,330257.39,6042114.95,19.74663,-9203.93,339.72,0.16,-38.81,12.37877768,54.49819218,0.0,0.00,0.05,-1.67
21/02/2025,05:46:51.335,330257.38,6042114.98,19.74663,-9203.91,339.69,0.08,-38.89,12.37877754,54.49819244,0.0,0.00,0.04,-1.69
21/02/2025,05:46:51.338,330257.37,6042115.01,19.74663,-9203.90,339.69,0.07,-38.89,12.37877738,54.49819265,0.0,0.00,0.04,-1.70
21/02/2025,05:46:51.341,330257.35,6042115.03,19.74663,-9203.89,339.69,0.07,-38.90,12.37877713,54.49819286,0.0,0.00,0.04,-1.71
21/02/2025,05:46:51.495,330257.35,6042115.05,19.74663,-9203.87,339.65,0.05,-38.91,12.37877700,54.49819308,0.0,0.00,0.04,-1.73
21/02/2025,05:46:51.665,330257.34,6042115.08,19.74663,-9203.85,339.62,0.05,-38.91,12.37877687,54.49819330,0.0,0.00,0.03,-1.74
21/02/2025,05:46:51.668,330257.32,6042115.10,19.74663,-9203.84,339.61,0.05,-38.91,12.37877662,54.49819351,0.0,0.00,0.03,-1.75
21/02/2025,05:46:51.818,330257.32,6042115.13,19.74663,-9203.83,339.58,0.05,-38.91,12.37877650,54.49819373,0.0,0.00,0.04,-1.77
21/02/2025,05:46:51.918,330257.31,6042115.15,19.74663,-9203.82,339.55,0.06,-38.91,12.37877636,54.49819389,0.0,0.00,0.05,-1.78
21/02/2025,05:46:52.023,330257.30,6042115.17,19.74663,-9203.80,339.54,0.05,-38.93,12.37877621,54.49819409,0.0,0.00,0.05,-1.79
21/02/2025,05:46:52.165,330257.29,6042115.19,19.74663,-9203.79,339.54,-0.01,-39.00,12.37877605,54.49819429,0.0,0.00,0.06,-1.81
21/02/2025,05:46:52.293,330257.28,6042115.22,19.74663,-9203.77,339.56,-0.02,-39.01,12.37877587,54.49819454,0.0,0.00,0.07,-1.82
21/02/2025,05:46:52.296,330257.27,6042115.24,19.74663,-9203.76,339.56,-0.02,-39.01,12.37877570,54.49819471,0.0,0.00,0.07,-1.83
21/02/2025,05:46:52.418,330257.26,6042115.26,19.74663,-9203.75,339.57,-0.01,-39.01,12.37877552,54.49819491,0.0,0.00,0.07,-1.85
21/02/2025,05:46:52.569,330257.25,6042115.28,19.74663,-9203.74,339.60,-0.01,-39.01,12.37877542,54.49819506,0.0,0.00,0.08,-1.86
21/02/2025,05:46:52.572,330257.24,6042115.30,19.74663,-9203.73,339.60,-0.01,-39.01,12.37877525,54.49819527,0.0,0.00,0.08,-1.87
21/02/2025,05:46:52.844,330257.23,6042115.32,19.74663,-9203.72,339.65,-0.09,-39.11,12.37877504,54.49819541,0.0,0.00,0.10,-1.88
21/02/2025,05:46:52.847,330257.23,6042115.34,19.74663,-9203.71,339.65,-0.09,-39.11,12.37877496,54.49819558,0.0,0.00,0.10,-1.89
21/02/2025,05:46:52.852,330257.22,6042115.36,19.74663,-9203.70,339.65,-0.09,-39.11,12.37877479,54.49819575,0.0,0.00,0.10,-1.90
21/02/2025,05:46:53.004,330257.21,6042115.37,19.74663,-9203.69,339.68,-0.09,-39.11,12.37877469,54.49819591,0.0,0.00,0.10,-1.91
21/02/2025,05:46:53.121,330257.20,6042115.39,19.74663,-9203.68,339.69,-0.15,-39.17,12.37877451,54.49819608,0.0,0.00,0.10,-1.92
21/02/2025,05:46:53.124,330257.19,6042115.42,19.74663,-9203.66,339.69,-0.15,-39.17,12.37877443,54.49819628,0.0,0.00,0.10,-1.94
21/02/2025,05:46:53.259,330257.18,6042115.44,19.74663,-9203.65,339.71,-0.19,-39.21,12.37877425,54.49819645,0.0,0.00,0.10,-1.94
21/02/2025,05:46:53.415,330257.18,6042115.45,19.74663,-9203.64,339.73,-0.19,-39.21,12.37877415,54.49819662,0.0,0.00,0.10,-1.96
21/02/2025,05:46:53.518,330257.17,6042115.47,19.74663,-9203.63,339.74,-0.19,-39.22,12.37877398,54.49819678,0.0,0.00,0.11,-1.97
21/02/2025,05:46:53.521,330257.16,6042115.49,19.74663,-9203.62,339.74,-0.19,-39.22,12.37877381,54.49819695,0.0,0.00,0.11,-1.98
21/02/2025,05:46:53.642,330257.15,6042115.51,19.74663,-9203.61,339.75,-0.20,-39.23,12.37877364,54.49819712,0.0,0.00,0.10,-1.99
21/02/2025,05:46:53.795,330257.14,6042115.53,19.74663,-9203.60,339.75,-0.29,-39.31,12.37877348,54.49819730,0.0,0.00,0.10,-2.00
21/02/2025,05:46:53.917,330257.13,6042115.55,19.74663,-9203.59,339.74,-0.31,-39.32,12.37877332,54.49819748,0.0,0.00,0.09,-2.01
21/02/2025,05:46:54.025,330257.12,6042115.57,19.74663,-9203.58,339.73,-0.32,-39.32,12.37877317,54.49819766,0.0,0.00,0.08,-2.02
21/02/2025,05:46:54.141,330257.10,6042115.59,19.74663,-9203.57,339.72,-0.33,-39.32,12.37877292,54.49819785,0.0,0.00,0.07,-2.03
21/02/2025,05:46:54.144,330257.13,6042115.62,19.74663,-9203.54,339.72,-0.33,-39.32,12.37877326,54.49819806,0.0,0.00,0.07,-2.06
21/02/2025,05:46:54.260,330257.12,6042115.64,19.74663,-9203.53,339.72,-0.34,-39.32,12.37877309,54.49819824,0.0,0.00,0.06,-2.07
21/02/2025,05:46:54.411,330257.11,6042115.66,19.74663,-9203.51,339.70,-0.35,-39.33,12.37877292,54.49819846,0.0,0.00,0.05,-2.09
21/02/2025,05:46:54.516,330257.09,6042115.68,19.74663,-9203.50,339.68,-0.36,-39.33,12.37877269,54.49819864,0.0,0.00,0.05,-2.09
21/02/2025,05:46:54.659,330257.08,6042115.70,19.74663,-9203.49,339.66,-0.37,-39.33,12.37877253,54.49819882,0.0,0.00,0.04,-2.11
21/02/2025,05:46:54.662,330257.07,6042115.72,19.74663,-9203.49,339.65,-0.37,-39.33,12.37877228,54.49819898,0.0,0.00,0.04,-2.11
21/02/2025,05:46:54.791,330257.06,6042115.74,19.74663,-9203.47,339.62,-0.37,-39.34,12.37877213,54.49819916,0.0,0.00,0.04,-2.12
21/02/2025,05:46:54.916,330257.04,6042115.76,19.74663,-9203.47,339.60,-0.38,-39.34,12.37877188,54.49819934,0.0,0.00,0.04,-2.13
21/02/2025,05:46:55.023,330257.03,6042115.78,19.74663,-9203.46,339.58,-0.38,-39.34,12.37877172,54.49819951,0.0,0.00,0.03,-2.14
21/02/2025,05:46:55.160,330257.02,6042115.81,19.74663,-9203.44,339.56,-0.39,-39.34,12.37877147,54.49819973,0.0,0.00,0.03,-2.15
21/02/2025,05:46:55.163,330257.01,6042115.83,19.74663,-9203.43,339.56,-0.39,-39.34,12.37877131,54.49819990,0.0,0.00,0.03,-2.16
21/02/2025,05:46:55.274,330256.99,6042115.85,19.74663,-9203.42,339.55,-0.40,-39.34,12.37877105,54.49820012,0.0,0.00,0.02,-2.18
21/02/2025,05:46:55.416,330256.98,6042115.87,19.74663,-9203.41,339.54,-0.40,-39.34,12.37877086,54.49820029,0.0,0.00,0.02,-2.19
21/02/2025,05:46:55.588,330256.96,6042115.89,19.74663,-9203.41,339.53,-0.41,-39.35,12.37877060,54.49820047,0.0,0.00,0.01,-2.19
21/02/2025,05:46:55.591,330256.95,6042115.91,19.74663,-9203.40,339.53,-0.41,-39.35,12.37877043,54.49820064,0.0,0.00,0.01,-2.20
21/02/2025,05:46:55.735,330256.94,6042115.94,19.74663,-9203.38,339.53,-0.42,-39.35,12.37877016,54.49820086,0.0,0.00,-0.00,-2.21
21/02/2025,05:46:55.738,330256.93,6042115.96,19.74663,-9203.37,339.53,-0.42,-39.35,12.37876999,54.49820103,0.0,0.00,-0.00,-2.22
21/02/2025,05:46:55.911,330256.91,6042115.98,19.74663,-9203.36,339.53,-0.44,-39.35,12.37876980,54.49820121,0.0,0.00,-0.01,-2.23
21/02/2025,05:46:56.025,330256.90,6042116.00,19.74663,-9203.35,339.53,-0.44,-39.35,12.37876962,54.49820142,0.0,0.00,-0.02,-2.25
21/02/2025,05:46:56.167,330256.89,6042116.02,19.74663,-9203.34,339.53,-0.45,-39.35,12.37876936,54.49820160,0.0,0.00,-0.03,-2.26
21/02/2025,05:46:56.293,330256.92,6042116.18,19.74663,-9203.20,339.52,-0.46,-39.35,12.37876970,54.49820304,0.0,0.00,-0.04,-2.40
21/02/2025,05:46:56.300,330256.91,6042116.20,19.74663,-9203.19,339.52,-0.46,-39.35,12.37876953,54.49820321,0.0,0.00,-0.04,-2.41
21/02/2025,05:46:56.418,330256.89,6042116.22,19.74663,-9203.17,339.51,-0.47,-39.35,12.37876928,54.49820343,0.0,0.00,-0.05,-2.42
21/02/2025,05:46:56.608,330256.88,6042116.25,19.74663,-9203.16,339.49,-0.41,-39.27,12.37876913,54.49820362,0.0,0.00,-0.06,-2.44
21/02/2025,05:46:56.611,330256.87,6042116.27,19.74663,-9203.15,339.49,-0.41,-39.27,12.37876896,54.49820379,0.0,0.00,-0.06,-2.45
21/02/2025,05:46:56.735,330256.86,6042116.29,19.74663,-9203.14,339.48,-0.39,-39.24,12.37876881,54.49820401,0.0,0.00,-0.07,-2.46
21/02/2025,05:46:56.737,330256.85,6042116.31,19.74663,-9203.13,339.48,-0.39,-39.24,12.37876856,54.49820418,0.0,0.00,-0.07,-2.47
21/02/2025,05:46:56.895,330256.84,6042116.33,19.74663,-9203.12,339.46,-0.40,-39.24,12.37876841,54.49820437,0.0,0.00,-0.08,-2.48
21/02/2025,05:46:57.023,330256.83,6042116.36,19.74663,-9203.10,339.44,-0.40,-39.24,12.37876827,54.49820459,0.0,0.00,-0.09,-2.50
21/02/2025,05:46:57.167,330256.82,6042116.38,19.74663,-9203.09,339.43,-0.41,-39.24,12.37876812,54.49820477,0.0,0.00,-0.10,-2.51
21/02/2025,05:46:57.319,330256.80,6042116.41,19.74663,-9203.08,339.42,-0.41,-39.23,12.37876772,54.49820503,0.0,0.00,-0.11,-2.52
21/02/2025,05:46:57.326,330256.79,6042116.42,19.74663,-9203.07,339.42,-0.41,-39.23,12.37876756,54.49820520,0.0,0.00,-0.11,-2.53
21/02/2025,05:46:57.431,330256.78,6042116.44,19.74663,-9203.06,339.41,-0.42,-39.23,12.37876741,54.49820537,0.0,0.00,-0.11,-2.54
21/02/2025,05:46:57.434,330256.77,6042116.47,19.74663,-9203.05,339.41,-0.42,-39.23,12.37876724,54.49820558,0.0,0.00,-0.11,-2.55
21/02/2025,05:46:57.540,330256.76,6042116.49,19.74663,-9203.04,339.42,-0.39,-39.20,12.37876707,54.49820575,0.0,0.00,-0.12,-2.56
21/02/2025,05:46:57.667,330256.75,6042116.51,19.74663,-9203.03,339.42,-0.33,-39.13,12.37876692,54.49820592,0.0,0.00,-0.12,-2.57
21/02/2025,05:46:57.775,330256.74,6042116.52,19.74663,-9203.02,339.44,-0.31,-39.12,12.37876674,54.49820608,0.0,0.00,-0.12,-2.58
21/02/2025,05:46:57.917,330256.72,6042116.54,19.74663,-9203.01,339.47,-0.31,-39.11,12.37876655,54.49820624,0.0,0.00,-0.12,-2.59
21/02/2025,05:46:58.025,330256.71,6042116.57,19.74663,-9203.00,339.49,-0.31,-39.11,12.37876635,54.49820644,0.0,0.00,-0.12,-2.60
21/02/2025,05:46:58.129,330256.71,6042116.58,19.74663,-9202.99,339.52,-0.30,-39.11,12.37876624,54.49820659,0.0,0.00,-0.12,-2.61
21/02/2025,05:46:58.132,330256.70,6042116.60,19.74663,-9202.98,339.52,-0.30,-39.11,12.37876607,54.49820676,0.0,0.00,-0.12,-2.62
21/02/2025,05:46:58.254,330256.69,6042116.62,19.74663,-9202.96,339.55,-0.30,-39.11,12.37876595,54.49820696,0.0,0.00,-0.12,-2.64
21/02/2025,05:46:58.413,330256.68,6042116.64,19.74663,-9202.95,339.61,-0.29,-39.11,12.37876580,54.49820710,0.0,0.00,-0.11,-2.64
21/02/2025,05:46:58.518,330256.67,6042116.66,19.74663,-9202.95,339.65,-0.28,-39.10,12.37876558,54.49820725,0.0,0.00,-0.10,-2.65
21/02/2025,05:46:58.649,330256.66,6042116.67,19.74663,-9202.94,339.70,-0.27,-39.10,12.37876543,54.49820739,0.0,0.00,-0.09,-2.66
21/02/2025,05:46:58.652,330256.65,6042116.69,19.74663,-9202.93,339.70,-0.27,-39.10,12.37876535,54.49820756,0.0,0.00,-0.09,-2.67
21/02/2025,05:46:58.796,330256.64,6042116.71,19.74663,-9202.92,339.77,-0.26,-39.10,12.37876519,54.49820774,0.0,0.00,-0.09,-2.68
21/02/2025,05:46:58.916,330256.63,6042116.73,19.74663,-9202.91,339.82,-0.25,-39.10,12.37876504,54.49820788,0.0,0.00,-0.08,-2.69
21/02/2025,05:46:59.027,330256.63,6042116.75,19.74663,-9202.90,339.86,-0.19,-39.05,12.37876490,54.49820802,0.0,0.00,-0.07,-2.70
21/02/2025,05:46:59.153,330256.62,6042116.76,19.74663,-9202.89,339.92,-0.13,-39.00,12.37876475,54.49820817,0.0,0.00,-0.06,-2.71
21/02/2025,05:46:59.156,330256.62,6042116.78,19.74663,-9202.88,339.92,-0.13,-39.00,12.37876475,54.49820833,0.0,0.00,-0.06,-2.72
21/02/2025,05:46:59.293,330256.61,6042116.80,19.74663,-9202.87,339.97,-0.12,-39.00,12.37876461,54.49820847,0.0,0.00,-0.05,-2.73
21/02/2025,05:46:59.418,330256.60,6042116.81,19.74663,-9202.86,340.02,-0.11,-39.00,12.37876446,54.49820862,0.0,0.00,-0.04,-2.74
21/02/2025,05:46:59.519,330256.60,6042116.83,19.74663,-9202.85,340.06,-0.10,-39.00,12.37876442,54.49820877,0.0,0.00,-0.03,-2.75
21/02/2025,05:46:59.522,330256.59,6042116.85,19.74663,-9202.83,340.06,-0.10,-39.00,12.37876433,54.49820893,0.0,0.00,-0.03,-2.76
21/02/2025,05:46:59.811,330256.58,6042116.87,19.74663,-9202.83,340.15,-0.08,-39.00,12.37876414,54.49820910,0.0,0.00,-0.01,-2.77
21/02/2025,05:46:59.814,330256.58,6042116.89,19.74663,-9202.81,340.15,-0.08,-39.00,12.37876405,54.49820926,0.0,0.00,-0.01,-2.78
21/02/2025,05:46:59.824,330256.58,6042116.90,19.74663,-9202.80,340.15,-0.08,-39.00,12.37876405,54.49820943,0.0,0.00,-0.01,-2.80
21/02/2025,05:47:00.026,330256.57,6042116.92,19.74663,-9202.79,340.21,-0.07,-39.00,12.37876390,54.49820957,0.0,0.00,0.01,-2.81
21/02/2025,05:47:00.167,330256.56,6042116.94,19.74663,-9202.78,340.24,-0.05,-38.99,12.37876379,54.49820972,0.0,0.00,0.02,-2.82
21/02/2025,05:47:00.170,330256.56,6042116.96,19.74663,-9202.76,340.24,-0.05,-38.99,12.37876379,54.49820989,0.0,0.00,0.02,-2.83
21/02/2025,05:47:00.315,330256.55,6042116.97,19.74663,-9202.75,340.27,0.03,-38.92,12.37876367,54.49821004,0.0,0.00,0.03,-2.84
21/02/2025,05:47:00.417,330256.55,6042116.99,19.74663,-9202.74,340.29,0.05,-38.91,12.37876357,54.49821020,0.0,0.00,0.03,-2.86
21/02/2025,05:47:00.552,330256.55,6042117.01,19.74663,-9202.73,340.32,0.06,-38.91,12.37876355,54.49821036,0.0,0.00,0.04,-2.87
21/02/2025,05:47:00.668,330256.54,6042117.03,19.74663,-9202.72,340.33,0.06,-38.91,12.37876345,54.49821052,0.0,0.00,0.05,-2.88
21/02/2025,05:47:00.671,330256.54,6042117.05,19.74663,-9202.70,340.34,0.06,-38.91,12.37876337,54.49821069,0.0,0.00,0.05,-2.89
21/02/2025,05:47:00.792,330256.54,6042117.06,19.74663,-9202.69,340.35,0.06,-38.92,12.37876337,54.49821085,0.0,0.00,0.06,-2.91
21/02/2025,05:47:00.918,330256.53,6042117.09,19.74663,-9202.67,340.35,0.07,-38.92,12.37876328,54.49821105,0.0,0.00,0.06,-2.92
21/02/2025,05:47:01.025,330256.53,6042117.10,19.74663,-9202.66,340.36,0.07,-38.92,12.37876319,54.49821122,0.0,0.00,0.07,-2.94
21/02/2025,05:47:01.143,330256.53,6042117.12,19.74663,-9202.65,340.35,0.07,-38.92,12.37876320,54.49821138,0.0,0.00,0.07,-2.95
21/02/2025,05:47:01.146,330256.52,6042117.14,19.74663,-9202.63,340.35,0.07,-38.92,12.37876312,54.49821155,0.0,0.00,0.07,-2.97
21/02/2025,05:47:01.290,330256.53,6042117.16,19.74663,-9202.62,340.35,0.08,-38.93,12.37876312,54.49821172,0.0,0.00,0.08,-2.98
21/02/2025,05:47:01.418,330256.52,6042117.18,19.74663,-9202.61,340.36,0.08,-38.93,12.37876302,54.49821188,0.0,0.00,0.08,-2.99
21/02/2025,05:47:01.608,330256.52,6042117.20,19.74663,-9202.59,340.37,0.08,-38.93,12.37876301,54.49821208,0.0,0.00,0.09,-3.01
21/02/2025,05:47:01.611,330256.52,6042117.22,19.74663,-9202.57,340.37,0.08,-38.93,12.37876292,54.49821225,0.0,0.00,0.09,-3.02
21/02/2025,05:47:01.750,330256.52,6042117.24,19.74663,-9202.56,340.38,0.08,-38.93,12.37876291,54.49821242,0.0,0.00,0.09,-3.04
21/02/2025,05:47:01.754,330256.52,6042117.26,19.74663,-9202.54,340.38,0.08,-38.93,12.37876291,54.49821263,0.0,0.00,0.09,-3.06
21/02/2025,05:47:01.910,330256.51,6042117.28,19.74663,-9202.53,340.38,0.08,-38.94,12.37876283,54.49821279,0.0,0.00,0.09,-3.07
21/02/2025,05:47:02.023,330256.51,6042117.30,19.74663,-9202.51,340.37,0.08,-38.94,12.37876284,54.49821300,0.0,0.00,0.10,-3.09
21/02/2025,05:47:02.169,330256.51,6042117.32,19.74663,-9202.49,340.35,0.08,-38.94,12.37876286,54.49821318,0.0,0.00,0.09,-3.11
21/02/2025,05:47:02.174,330256.58,6042117.25,19.74663,-9202.51,340.35,0.08,-38.94,12.37876386,54.49821255,0.0,0.00,0.09,-3.09
21/02/2025,05:47:02.309,330256.58,6042117.28,19.74663,-9202.49,340.33,0.08,-38.94,12.37876389,54.49821276,0.0,0.00,0.09,-3.11
21/02/2025,05:47:02.419,330256.58,6042117.29,19.74663,-9202.47,340.30,0.08,-38.94,12.37876392,54.49821294,0.0,0.00,0.09,-3.12
21/02/2025,05:47:02.559,330256.59,6042117.32,19.74663,-9202.45,340.28,0.08,-38.93,12.37876395,54.49821315,0.0,0.00,0.09,-3.14
21/02/2025,05:47:02.562,330256.58,6042117.34,19.74663,-9202.44,340.28,0.08,-38.93,12.37876387,54.49821336,0.0,0.00,0.09,-3.16
21/02/2025,05:47:02.667,330256.58,6042117.36,19.74663,-9202.42,340.25,0.08,-38.93,12.37876390,54.49821353,0.0,0.00,0.09,-3.18
21/02/2025,05:47:02.790,330256.59,6042117.38,19.74663,-9202.40,340.23,0.08,-38.93,12.37876392,54.49821375,0.0,0.00,0.08,-3.20
21/02/2025,05:47:02.918,330256.59,6042117.41,19.74663,-9202.38,340.19,0.08,-38.93,12.37876397,54.49821397,0.0,0.00,0.08,-3.22
21/02/2025,05:47:03.023,330256.59,6042117.43,19.74663,-9202.35,340.16,0.09,-38.92,12.37876400,54.49821418,0.0,0.00,0.08,-3.24
21/02/2025,05:47:03.030,330256.59,6042117.45,19.74663,-9202.34,340.16,0.09,-38.91,12.37876392,54.49821435,0.0,0.00,0.08,-3.26
21/02/2025,05:47:03.158,330256.66,6042117.52,19.74663,-9202.25,340.14,0.15,-38.85,12.37876503,54.49821494,0.0,0.00,0.08,-3.35
21/02/2025,05:47:03.287,330256.67,6042117.54,19.74663,-9202.23,340.12,0.17,-38.83,12.37876506,54.49821516,0.0,0.00,0.08,-3.37
21/02/2025,05:47:03.417,330256.67,6042117.56,19.74663,-9202.20,340.09,0.17,-38.83,12.37876510,54.49821538,0.0,0.00,0.08,-3.39
21/02/2025,05:47:03.529,330256.67,6042117.59,19.74663,-9202.18,340.07,0.17,-38.83,12.37876513,54.49821560,0.0,0.00,0.08,-3.41
21/02/2025,05:47:03.532,330256.67,6042117.61,19.74663,-9202.16,340.07,0.17,-38.83,12.37876513,54.49821581,0.0,0.00,0.08,-3.43
21/02/2025,05:47:03.836,330256.68,6042117.64,19.74663,-9202.14,340.00,0.15,-38.84,12.37876523,54.49821604,0.0,0.00,0.07,-3.46
21/02/2025,05:47:03.839,330256.68,6042117.66,19.74663,-9202.12,340.00,0.15,-38.84,12.37876523,54.49821625,0.0,0.00,0.07,-3.48
21/02/2025,05:47:03.842,330256.68,6042117.68,19.74663,-9202.10,340.00,0.15,-38.85,12.37876523,54.49821646,0.0,0.00,0.07,-3.50
21/02/2025,05:47:03.987,330256.69,6042117.71,19.74663,-9202.07,339.97,0.08,-38.92,12.37876529,54.49821672,0.0,0.00,0.07,-3.53
21/02/2025,05:47:04.121,330256.70,6042117.73,19.74663,-9202.05,339.93,0.11,-38.87,12.37876542,54.49821690,0.0,0.00,0.06,-3.55
21/02/2025,05:47:04.124,330256.70,6042117.75,19.74663,-9202.03,339.93,0.12,-38.87,12.37876542,54.49821711,0.0,0.00,0.06,-3.57
21/02/2025,05:47:04.245,330256.70,6042117.78,19.74663,-9202.01,339.90,0.14,-38.84,12.37876547,54.49821733,0.0,0.00,0.06,-3.59
21/02/2025,05:47:04.405,330256.71,6042117.80,19.74663,-9201.99,339.86,0.06,-38.91,12.37876554,54.49821755,0.0,0.00,0.05,-3.61
21/02/2025,05:47:04.516,330256.71,6042117.83,19.74663,-9201.96,339.83,0.05,-38.92,12.37876558,54.49821778,0.0,0.00,0.05,-3.63
21/02/2025,05:47:04.644,330256.72,6042117.85,19.74663,-9201.94,339.78,0.05,-38.92,12.37876566,54.49821801,0.0,0.00,0.04,-3.66
21/02/2025,05:47:04.646,330256.72,6042117.87,19.74663,-9201.92,339.78,0.05,-38.92,12.37876566,54.49821818,0.0,0.00,0.04,-3.67
21/02/2025,05:47:04.795,330256.73,6042117.89,19.74663,-9201.90,339.66,0.03,-38.91,12.37876581,54.49821835,0.0,0.00,0.02,-3.70
21/02/2025,05:47:04.922,330256.74,6042117.91,19.74663,-9201.88,339.53,0.01,-38.91,12.37876599,54.49821849,0.0,0.00,0.00,-3.72
21/02/2025,05:47:05.024,330256.74,6042117.92,19.74663,-9201.87,339.43,0.00,-38.91,12.37876603,54.49821857,0.0,0.00,-0.01,-3.72
21/02/2025,05:47:05.028,330256.75,6042117.92,19.74663,-9201.87,339.43,0.00,-38.91,12.37876612,54.49821857,0.0,0.00,-0.01,-3.73
21/02/2025,05:47:05.302,330256.77,6042117.93,19.74663,-9201.85,339.22,-0.02,-38.91,12.37876638,54.49821869,0.0,0.00,-0.04,-3.75
21/02/2025,05:47:05.305,330256.77,6042117.93,19.74663,-9201.85,339.22,-0.02,-38.91,12.37876638,54.49821874,0.0,0.00,-0.04,-3.75
21/02/2025,05:47:05.420,330256.77,6042117.94,19.74663,-9201.84,339.15,-0.03,-38.91,12.37876646,54.49821880,0.0,0.00,-0.05,-3.76
21/02/2025,05:47:05.526,330256.77,6042117.94,19.74663,-9201.83,339.11,-0.04,-38.90,12.37876650,54.49821882,0.0,0.00,-0.05,-3.76
21/02/2025,05:47:05.529,330256.77,6042117.95,19.74663,-9201.83,339.11,-0.04,-38.90,12.37876650,54.49821886,0.0,0.00,-0.05,-3.77
21/02/2025,05:47:05.773,330256.78,6042117.95,19.74663,-9201.83,339.03,-0.04,-38.90,12.37876658,54.49821888,0.0,0.00,-0.06,-3.77
21/02/2025,05:47:05.776,330256.78,6042117.95,19.74663,-9201.82,339.03,-0.04,-38.90,12.37876666,54.49821888,0.0,0.00,-0.06,-3.78
21/02/2025,05:47:05.914,330256.79,6042117.95,19.74663,-9201.82,338.99,-0.04,-38.90,12.37876669,54.49821892,0.0,0.00,-0.06,-3.78
21/02/2025,05:47:06.025,330256.79,6042117.95,19.74663,-9201.82,338.98,-0.04,-38.90,12.37876669,54.49821892,0.0,0.00,-0.06,-3.78
21/02/2025,05:47:06.168,330256.79,6042117.95,19.74663,-9201.82,338.97,-0.03,-38.90,12.37876669,54.49821887,0.0,0.00,-0.05,-3.78
21/02/2025,05:47:06.172,330256.79,6042117.95,19.74663,-9201.82,338.97,-0.03,-38.90,12.37876669,54.49821887,0.0,0.00,-0.05,-3.77
21/02/2025,05:47:06.314,330256.79,6042117.95,19.74663,-9201.82,338.97,-0.02,-38.90,12.37876677,54.49821885,0.0,0.00,-0.05,-3.78
21/02/2025,05:47:06.418,330256.79,6042117.94,19.74663,-9201.82,338.97,-0.01,-38.90,12.37876675,54.49821884,0.0,0.00,-0.04,-3.77
21/02/2025,05:47:06.581,330256.79,6042117.94,19.74663,-9201.83,338.98,0.00,-38.89,12.37876673,54.49821882,0.0,0.00,-0.03,-3.77
21/02/2025,05:47:06.584,330256.79,6042117.94,19.74663,-9201.83,338.98,0.00,-38.89,12.37876673,54.49821882,0.0,0.00,-0.03,-3.77
21/02/2025,05:47:06.715,330256.79,6042117.94,19.74663,-9201.83,338.99,0.01,-38.89,12.37876671,54.49821880,0.0,0.00,-0.02,-3.77
21/02/2025,05:47:06.885,330256.79,6042117.94,19.74663,-9201.83,338.99,0.02,-38.90,12.37876671,54.49821878,0.0,0.00,-0.01,-3.77
21/02/2025,05:47:06.888,330256.79,6042117.93,19.74663,-9201.83,338.99,0.02,-38.90,12.37876679,54.49821874,0.0,0.00,-0.01,-3.77
21/02/2025,05:47:07.025,330256.79,6042117.92,19.74663,-9201.84,338.99,-0.04,-38.96,12.37876678,54.49821864,0.0,0.00,0.00,-3.76
21/02/2025,05:47:07.029,330256.80,6042117.92,19.74663,-9201.84,338.99,-0.04,-38.97,12.37876687,54.49821860,0.0,0.00,0.00,-3.76
21/02/2025,05:47:07.308,330256.80,6042117.91,19.74663,-9201.85,338.99,-0.03,-39.00,12.37876686,54.49821852,0.0,0.00,0.04,-3.75
21/02/2025,05:47:07.312,330256.80,6042117.90,19.74663,-9201.85,338.99,-0.03,-39.00,12.37876686,54.49821848,0.0,0.00,0.04,-3.74
21/02/2025,05:47:07.420,330256.80,6042117.90,19.74663,-9201.86,339.01,-0.02,-39.00,12.37876692,54.49821841,0.0,0.00,0.06,-3.74
21/02/2025,05:47:07.534,330256.80,6042117.89,19.74663,-9201.86,339.04,-0.00,-39.01,12.37876690,54.49821839,0.0,0.00,0.08,-3.74
21/02/2025,05:47:07.537,330256.80,6042117.89,19.74663,-9201.86,339.04,-0.00,-39.01,12.37876698,54.49821839,0.0,0.00,0.08,-3.74
21/02/2025,05:47:07.670,330256.80,6042117.89,19.74663,-9201.86,339.09,0.02,-39.01,12.37876694,54.49821836,0.0,0.00,0.10,-3.74
21/02/2025,05:47:07.779,330256.80,6042117.89,19.74663,-9201.86,339.12,0.03,-39.01,12.37876699,54.49821834,0.0,0.00,0.12,-3.74
21/02/2025,05:47:07.924,330256.80,6042117.89,19.74663,-9201.86,339.17,0.05,-39.02,12.37876696,54.49821831,0.0,0.00,0.14,-3.73
21/02/2025,05:47:07.927,330256.80,6042117.89,19.74663,-9201.86,339.17,0.05,-39.02,12.37876696,54.49821836,0.0,0.00,0.14,-3.74
21/02/2025,05:47:08.129,330256.74,6042117.86,19.74663,-9201.92,339.26,0.05,-39.04,12.37876606,54.49821807,0.0,0.00,0.17,-3.68
21/02/2025,05:47:08.132,330256.75,6042117.87,19.74663,-9201.91,339.26,0.05,-39.04,12.37876623,54.49821815,0.0,0.00,0.17,-3.69
21/02/2025,05:47:08.269,330256.75,6042117.87,19.74663,-9201.91,339.33,-0.00,-39.11,12.37876617,54.49821813,0.0,0.00,0.18,-3.69
21/02/2025,05:47:08.408,330256.75,6042117.87,19.74663,-9201.91,339.40,-0.01,-39.13,12.37876611,54.49821816,0.0,0.00,0.19,-3.69
21/02/2025,05:47:08.519,330256.74,6042117.87,19.74663,-9201.91,339.45,-0.01,-39.13,12.37876607,54.49821814,0.0,0.00,0.20,-3.69
21/02/2025,05:47:08.522,330256.74,6042117.87,19.74663,-9201.91,339.45,-0.00,-39.13,12.37876606,54.49821818,0.0,0.00,0.20,-3.69
21/02/2025,05:47:08.669,330256.74,6042117.87,19.74663,-9201.91,339.53,-0.00,-39.13,12.37876600,54.49821817,0.0,0.00,0.21,-3.69
21/02/2025,05:47:08.803,330256.74,6042117.87,19.74663,-9201.91,339.58,0.00,-39.14,12.37876595,54.49821820,0.0,0.00,0.21,-3.69
21/02/2025,05:47:08.918,330256.73,6042117.87,19.74663,-9201.91,339.63,0.00,-39.14,12.37876591,54.49821819,0.0,0.00,0.21,-3.68
21/02/2025,05:47:09.024,330256.73,6042117.88,19.74663,-9201.91,339.65,-0.00,-39.14,12.37876588,54.49821823,0.0,0.00,0.21,-3.69
21/02/2025,05:47:09.168,330256.72,6042117.87,19.74663,-9201.92,339.67,-0.03,-39.16,12.37876578,54.49821819,0.0,0.00,0.21,-3.68
21/02/2025,05:47:09.300,330256.72,6042117.88,19.74663,-9201.91,339.67,-0.10,-39.23,12.37876578,54.49821823,0.0,0.00,0.21,-3.68
21/02/2025,05:47:09.303,330256.72,6042117.88,19.74663,-9201.91,339.67,-0.10,-39.23,12.37876578,54.49821823,0.0,0.00,0.21,-3.68
21/02/2025,05:47:09.420,330256.72,6042117.88,19.74663,-9201.92,339.66,-0.11,-39.24,12.37876571,54.49821824,0.0,0.00,0.20,-3.68
21/02/2025,05:47:09.530,330256.72,6042117.88,19.74663,-9201.91,339.64,-0.12,-39.24,12.37876572,54.49821825,0.0,0.00,0.20,-3.68
21/02/2025,05:47:09.533,330256.72,6042117.89,19.74663,-9201.91,339.64,-0.12,-39.24,12.37876564,54.49821829,0.0,0.00,0.20,-3.68
21/02/2025,05:47:09.776,330256.71,6042117.89,19.74663,-9201.91,339.59,-0.13,-39.24,12.37876558,54.49821831,0.0,0.00,0.18,-3.68
21/02/2025,05:47:09.779,330256.71,6042117.89,19.74663,-9201.91,339.59,-0.13,-39.24,12.37876558,54.49821831,0.0,0.00,0.18,-3.68
21/02/2025,05:47:09.918,330256.71,6042117.89,19.74663,-9201.92,339.55,-0.14,-39.24,12.37876551,54.49821832,0.0,0.00,0.17,-3.68
21/02/2025,05:47:10.025,330256.71,6042117.89,19.74663,-9201.91,339.53,-0.15,-39.24,12.37876552,54.49821833,0.0,0.00,0.17,-3.68
21/02/2025,05:47:10.167,330256.71,6042117.97,19.74663,-9201.85,339.48,-0.16,-39.24,12.37876546,54.49821906,0.0,0.00,0.15,-3.75
21/02/2025,05:47:10.170,330256.71,6042117.98,19.74663,-9201.84,339.48,-0.16,-39.24,12.37876546,54.49821910,0.0,0.00,0.15,-3.75
21/02/2025,05:47:10.333,330256.70,6042117.98,19.74663,-9201.85,339.44,-0.17,-39.23,12.37876539,54.49821912,0.0,0.00,0.14,-3.75
21/02/2025,05:47:10.336,330256.70,6042117.98,19.74663,-9201.85,339.44,-0.17,-39.23,12.37876539,54.49821912,0.0,0.00,0.14,-3.75
21/02/2025,05:47:10.471,330256.70,6042117.98,19.74663,-9201.84,339.39,-0.18,-39.23,12.37876541,54.49821913,0.0,0.00,0.12,-3.76
21/02/2025,05:47:10.645,330256.70,6042117.98,19.74663,-9201.84,339.35,-0.20,-39.23,12.37876535,54.49821915,0.0,0.00,0.11,-3.75
21/02/2025,05:47:10.648,330256.70,6042117.99,19.74663,-9201.84,339.35,-0.20,-39.23,12.37876535,54.49821919,0.0,0.00,0.11,-3.76
21/02/2025,05:47:10.796,330256.70,6042117.99,19.74663,-9201.84,339.31,-0.21,-39.22,12.37876537,54.49821921,0.0,0.00,0.09,-3.76
21/02/2025,05:47:10.918,330256.70,6042117.99,19.74663,-9201.84,339.28,-0.22,-39.22,12.37876539,54.49821922,0.0,0.00,0.08,-3.76
21/02/2025,05:47:11.023,330256.70,6042117.99,19.74663,-9201.83,339.27,-0.22,-39.22,12.37876540,54.49821923,0.0,0.00,0.07,-3.76
21/02/2025,05:47:11.132,330256.71,6042117.99,19.74663,-9201.84,339.25,-0.23,-39.22,12.37876542,54.49821920,0.0,0.00,0.06,-3.76
21/02/2025,05:47:11.137,330256.71,6042117.99,19.74663,-9201.84,339.25,-0.23,-39.22,12.37876542,54.49821920,0.0,0.00,0.06,-3.76
21/02/2025,05:47:11.264,330256.71,6042117.99,19.74663,-9201.83,339.23,-0.24,-39.21,12.37876544,54.49821922,0.0,0.00,0.05,-3.76
21/02/2025,05:47:11.414,330256.71,6042118.00,19.74663,-9201.83,339.21,-0.25,-39.21,12.37876547,54.49821928,0.0,0.00,0.04,-3.77
21/02/2025,05:47:11.521,330256.71,6042118.00,19.74663,-9201.83,339.19,-0.25,-39.21,12.37876550,54.49821929,0.0,0.00,0.03,-3.77
21/02/2025,05:47:11.525,330256.72,6042118.00,19.74663,-9201.82,339.19,-0.25,-39.21,12.37876558,54.49821929,0.0,0.00,0.03,-3.78
21/02/2025,05:47:11.648,330256.72,6042118.00,19.74663,-9201.82,339.17,-0.26,-39.21,12.37876562,54.49821930,0.0,0.00,0.03,-3.78
21/02/2025,05:47:11.800,330256.72,6042118.00,19.74663,-9201.81,339.16,-0.26,-39.20,12.37876566,54.49821936,0.0,0.00,0.02,-3.78
21/02/2025,05:47:11.920,330256.72,6042118.01,19.74663,-9201.81,339.14,-0.27,-39.20,12.37876570,54.49821937,0.0,0.00,0.01,-3.79
21/02/2025,05:47:12.025,330256.73,6042118.01,19.74663,-9201.81,339.12,-0.27,-39.20,12.37876575,54.49821938,0.0,0.00,0.00,-3.79
21/02/2025,05:47:12.136,330256.73,6042118.09,19.74663,-9201.74,339.11,-0.28,-39.20,12.37876570,54.49822015,0.0,0.00,0.00,-3.86
21/02/2025,05:47:12.139,330256.73,6042118.09,19.74663,-9201.74,339.11,-0.28,-39.20,12.37876570,54.49822015,0.0,0.00,0.00,-3.86
21/02/2025,05:47:12.267,330256.73,6042118.09,19.74663,-9201.73,339.09,-0.28,-39.20,12.37876575,54.49822016,0.0,0.00,-0.00,-3.86
21/02/2025,05:47:12.424,330256.74,6042118.10,19.74663,-9201.73,339.07,-0.28,-39.20,12.37876582,54.49822018,0.0,0.00,-0.00,-3.87
21/02/2025,05:47:12.431,330256.74,6042118.10,19.74663,-9201.73,339.06,-0.28,-39.20,12.37876582,54.49822018,0.0,0.00,-0.00,-3.87
21/02/2025,05:47:12.594,330256.74,6042118.10,19.74663,-9201.73,339.02,-0.35,-39.27,12.37876591,54.49822020,0.0,0.00,-0.01,-3.87
21/02/2025,05:47:12.719,330256.75,6042118.10,19.74663,-9201.72,338.99,-0.39,-39.30,12.37876597,54.49822021,0.0,0.00,-0.01,-3.88
21/02/2025,05:47:12.722,330256.75,6042118.09,19.74663,-9201.73,338.99,-0.39,-39.30,12.37876597,54.49822017,0.0,0.00,-0.01,-3.87
21/02/2025,05:47:12.877,330256.75,6042118.09,19.74663,-9201.72,338.96,-0.38,-39.30,12.37876611,54.49822014,0.0,0.00,-0.01,-3.87
21/02/2025,05:47:13.011,330256.76,6042118.08,19.74663,-9201.73,338.93,-0.32,-39.23,12.37876615,54.49822007,0.0,0.00,-0.01,-3.87
21/02/2025,05:47:13.161,330256.76,6042118.07,19.74663,-9201.74,338.91,-0.29,-39.20,12.37876618,54.49821999,0.0,0.00,-0.01,-3.86
21/02/2025,05:47:13.168,330256.76,6042118.06,19.74663,-9201.74,338.91,-0.29,-39.20,12.37876618,54.49821990,0.0,0.00,-0.01,-3.85
21/02/2025,05:47:13.285,330256.76,6042118.05,19.74663,-9201.75,338.90,-0.29,-39.21,12.37876627,54.49821982,0.0,0.00,-0.00,-3.85
21/02/2025,05:47:13.420,330256.76,6042118.04,19.74663,-9201.76,338.91,-0.35,-39.28,12.37876624,54.49821972,0.0,0.00,0.00,-3.84
21/02/2025,05:47:13.423,330256.77,6042118.03,19.74663,-9201.76,338.91,-0.35,-39.28,12.37876633,54.49821964,0.0,0.00,0.00,-3.83
21/02/2025,05:47:13.567,330256.77,6042118.02,19.74663,-9201.77,338.93,-0.37,-39.31,12.37876637,54.49821953,0.0,0.00,0.01,-3.83
21/02/2025,05:47:13.670,330256.76,6042118.01,19.74663,-9201.79,338.96,-0.36,-39.31,12.37876632,54.49821939,0.0,0.00,0.02,-3.81
21/02/2025,05:47:13.799,330256.77,6042117.99,19.74663,-9201.80,338.99,-0.35,-39.31,12.37876634,54.49821924,0.0,0.00,0.03,-3.80
21/02/2025,05:47:13.918,330256.77,6042117.97,19.74663,-9201.81,339.02,-0.34,-39.31,12.37876636,54.49821909,0.0,0.00,0.05,-3.78
21/02/2025,05:47:14.024,330256.76,6042117.96,19.74663,-9201.83,339.04,-0.33,-39.31,12.37876631,54.49821898,0.0,0.00,0.06,-3.77
21/02/2025,05:47:14.028,330256.83,6042117.84,19.74663,-9201.89,339.04,-0.33,-39.31,12.37876748,54.49821789,0.0,0.00,0.06,-3.71
21/02/2025,05:47:14.140,330256.83,6042117.82,19.74663,-9201.90,339.06,-0.32,-39.31,12.37876743,54.49821774,0.0,0.00,0.07,-3.70
21/02/2025,05:47:14.269,330256.83,6042117.80,19.74663,-9201.92,339.10,-0.30,-39.31,12.37876746,54.49821759,0.0,0.00,0.08,-3.68
21/02/2025,05:47:14.421,330256.83,6042117.78,19.74663,-9201.93,339.12,-0.29,-39.31,12.37876748,54.49821740,0.0,0.00,0.10,-3.67
21/02/2025,05:47:14.424,330256.84,6042117.77,19.74663,-9201.94,339.12,-0.29,-39.31,12.37876756,54.49821727,0.0,0.00,0.10,-3.66
21/02/2025,05:47:14.570,330256.84,6042117.75,19.74663,-9201.95,339.16,-0.27,-39.32,12.37876759,54.49821711,0.0,0.00,0.12,-3.64
21/02/2025,05:47:14.670,330256.84,6042117.73,19.74663,-9201.97,339.19,-0.26,-39.32,12.37876763,54.49821693,0.0,0.00,0.13,-3.63
21/02/2025,05:47:14.812,330256.84,6042117.71,19.74663,-9201.98,339.23,-0.25,-39.32,12.37876765,54.49821678,0.0,0.00,0.14,-3.61
21/02/2025,05:47:14.918,330256.84,6042117.69,19.74663,-9202.00,339.27,-0.24,-39.32,12.37876769,54.49821659,0.0,0.00,0.15,-3.60
21/02/2025,05:47:15.025,330256.84,6042117.68,19.74663,-9202.01,339.32,-0.24,-39.32,12.37876770,54.49821645,0.0,0.00,0.15,-3.58
21/02/2025,05:47:15.141,330256.84,6042117.65,19.74663,-9202.03,339.41,-0.25,-39.32,12.37876773,54.49821622,0.0,0.00,0.15,-3.56
21/02/2025,05:47:15.144,330256.85,6042117.64,19.74663,-9202.04,339.41,-0.25,-39.32,12.37876781,54.49821610,0.0,0.00,0.15,-3.56
21/02/2025,05:47:15.274,330256.84,6042117.62,19.74663,-9202.06,339.53,-0.26,-39.32,12.37876771,54.49821595,0.0,0.00,0.14,-3.54
21/02/2025,05:47:15.424,330256.83,6042117.60,19.74663,-9202.08,339.68,-0.27,-39.32,12.37876759,54.49821580,0.0,0.00,0.13,-3.52
21/02/2025,05:47:15.572,330256.83,6042117.59,19.74663,-9202.09,339.83,-0.28,-39.31,12.37876754,54.49821564,0.0,0.00,0.11,-3.50
21/02/2025,05:47:15.720,330256.82,6042117.57,19.74663,-9202.11,339.99,-0.29,-39.31,12.37876741,54.49821549,0.0,0.00,0.10,-3.48
21/02/2025,05:47:15.723,330256.82,6042117.56,19.74663,-9202.12,339.99,-0.29,-39.31,12.37876749,54.49821537,0.0,0.00,0.10,-3.48
21/02/2025,05:47:15.889,330256.82,6042117.53,19.74663,-9202.14,340.16,-0.29,-39.31,12.37876744,54.49821517,0.0,0.00,0.09,-3.46
21/02/2025,05:47:15.892,330256.82,6042117.52,19.74663,-9202.15,340.16,-0.29,-39.31,12.37876752,54.49821504,0.0,0.00,0.09,-3.45
21/02/2025,05:47:16.014,330256.83,6042117.50,19.74663,-9202.17,340.28,-0.30,-39.31,12.37876755,54.49821485,0.0,0.00,0.09,-3.43
21/02/2025,05:47:16.134,330256.78,6042117.57,19.74663,-9202.13,340.38,-0.30,-39.31,12.37876683,54.49821550,0.0,0.00,0.09,-3.47
21/02/2025,05:47:16.137,330256.79,6042117.56,19.74663,-9202.14,340.39,-0.30,-39.31,12.37876699,54.49821538,0.0,0.00,0.09,-3.46
21/02/2025,05:47:16.264,330256.79,6042117.54,19.74663,-9202.15,340.50,-0.30,-39.31,12.37876695,54.49821523,0.0,0.00,0.08,-3.44
21/02/2025,05:47:16.412,330256.79,6042117.52,19.74663,-9202.17,340.62,-0.31,-39.31,12.37876698,54.49821505,0.0,0.00,0.08,-3.43
21/02/2025,05:47:16.515,330256.79,6042117.50,19.74663,-9202.19,340.70,-0.31,-39.31,12.37876698,54.49821486,0.0,0.00,0.08,-3.41
21/02/2025,05:47:16.657,330256.79,6042117.49,19.74663,-9202.20,340.79,-0.30,-39.31,12.37876705,54.49821472,0.0,0.00,0.08,-3.40
21/02/2025,05:47:16.660,330256.80,6042117.47,19.74663,-9202.21,340.79,-0.30,-39.31,12.37876713,54.49821455,0.0,0.00,0.08,-3.39
21/02/2025,05:47:16.795,330256.80,6042117.45,19.74663,-9202.22,340.87,-0.30,-39.31,12.37876724,54.49821437,0.0,0.00,0.08,-3.37
21/02/2025,05:47:16.918,330256.80,6042117.43,19.74663,-9202.24,340.93,-0.30,-39.31,12.37876726,54.49821424,0.0,0.00,0.08,-3.36
21/02/2025,05:47:17.023,330256.81,6042117.41,19.74663,-9202.25,340.97,-0.30,-39.31,12.37876740,54.49821406,0.0,0.00,0.09,-3.35
21/02/2025,05:47:17.132,330256.83,6042117.33,19.74663,-9202.31,341.01,-0.30,-39.31,12.37876770,54.49821330,0.0,0.00,0.09,-3.29
21/02/2025,05:47:17.135,330256.83,6042117.31,19.74663,-9202.32,341.02,-0.30,-39.31,12.37876778,54.49821317,0.0,0.00,0.09,-3.28
21/02/2025,05:47:17.263,330256.84,6042117.30,19.74663,-9202.33,341.05,-0.30,-39.31,12.37876785,54.49821305,0.0,0.00,0.08,-3.27
21/02/2025,05:47:17.399,330256.84,6042117.28,19.74663,-9202.34,341.09,-0.30,-39.31,12.37876791,54.49821292,0.0,0.00,0.08,-3.26
21/02/2025,05:47:17.511,330256.85,6042117.27,19.74663,-9202.34,341.10,-0.30,-39.31,12.37876799,54.49821280,0.0,0.00,0.08,-3.25
21/02/2025,05:47:17.648,330256.85,6042117.25,19.74663,-9202.35,341.11,-0.30,-39.30,12.37876809,54.49821267,0.0,0.00,0.08,-3.24
21/02/2025,05:47:17.656,330256.86,6042117.25,19.74663,-9202.36,341.11,-0.30,-39.30,12.37876817,54.49821258,0.0,0.00,0.08,-3.24
21/02/2025,05:47:17.802,330256.86,6042117.23,19.74663,-9202.37,341.11,-0.29,-39.30,12.37876828,54.49821246,0.0,0.00,0.08,-3.23
21/02/2025,05:47:17.918,330256.86,6042117.22,19.74663,-9202.37,341.11,-0.29,-39.30,12.37876829,54.49821237,0.0,0.00,0.09,-3.22
21/02/2025,05:47:18.023,330256.87,6042117.21,19.74663,-9202.38,341.11,-0.29,-39.30,12.37876840,54.49821229,0.0,0.00,0.09,-3.22
21/02/2025,05:47:18.137,330256.88,6042117.20,19.74663,-9202.39,341.10,-0.29,-39.30,12.37876850,54.49821216,0.0,0.00,0.09,-3.21
21/02/2025,05:47:18.140,330256.88,6042117.19,19.74663,-9202.39,341.10,-0.29,-39.30,12.37876851,54.49821208,0.0,0.00,0.09,-3.20
21/02/2025,05:47:18.273,330256.88,6042117.18,19.74663,-9202.40,341.09,-0.26,-39.27,12.37876860,54.49821200,0.0,0.00,0.09,-3.20
21/02/2025,05:47:18.421,330256.88,6042117.17,19.74663,-9202.41,341.09,-0.18,-39.20,12.37876861,54.49821191,0.0,0.00,0.10,-3.19
21/02/2025,05:47:18.424,330256.89,6042117.16,19.74663,-9202.41,341.09,-0.18,-39.20,12.37876870,54.49821187,0.0,0.00,0.10,-3.19
21/02/2025,05:47:18.573,330256.89,6042117.15,19.74663,-9202.41,341.09,-0.18,-39.21,12.37876870,54.49821178,0.0,0.00,0.10,-3.18
21/02/2025,05:47:18.714,330256.89,6042117.15,19.74663,-9202.42,341.09,-0.18,-39.21,12.37876871,54.49821174,0.0,0.00,0.10,-3.18
21/02/2025,05:47:18.871,330256.89,6042117.15,19.74663,-9202.42,341.08,-0.18,-39.21,12.37876881,54.49821170,0.0,0.00,0.11,-3.18
21/02/2025,05:47:18.878,330256.89,6042117.14,19.74663,-9202.43,341.08,-0.18,-39.21,12.37876881,54.49821162,0.0,0.00,0.11,-3.17
21/02/2025,05:47:19.010,330256.89,6042117.13,19.74663,-9202.43,341.07,-0.18,-39.21,12.37876882,54.49821158,0.0,0.00,0.11,-3.17
21/02/2025,05:47:19.159,330256.90,6042117.12,19.74663,-9202.44,341.05,-0.17,-39.21,12.37876885,54.49821145,0.0,0.00,0.12,-3.16
21/02/2025,05:47:19.162,330256.90,6042117.11,19.74663,-9202.44,341.05,-0.17,-39.21,12.37876885,54.49821141,0.0,0.00,0.12,-3.15
21/02/2025,05:47:19.303,330256.90,6042117.11,19.74663,-9202.45,341.03,-0.14,-39.18,12.37876889,54.49821137,0.0,0.00,0.12,-3.15
21/02/2025,05:47:19.417,330256.90,6042117.10,19.74663,-9202.45,341.01,-0.08,-39.12,12.37876891,54.49821133,0.0,0.00,0.12,-3.15
21/02/2025,05:47:19.520,330256.90,6042117.10,19.74663,-9202.45,341.01,-0.07,-39.12,12.37876891,54.49821129,0.0,0.00,0.12,-3.14
21/02/2025,05:47:19.669,330256.89,6042117.10,19.74663,-9202.46,341.00,-0.08,-39.12,12.37876884,54.49821126,0.0,0.00,0.12,-3.14
21/02/2025,05:47:19.821,330256.89,6042117.09,19.74663,-9202.46,340.99,-0.08,-39.12,12.37876884,54.49821123,0.0,0.00,0.11,-3.14
21/02/2025,05:47:19.824,330256.89,6042117.09,19.74663,-9202.46,340.99,-0.08,-39.12,12.37876884,54.49821123,0.0,0.00,0.11,-3.14
21/02/2025,05:47:19.827,330256.89,6042117.09,19.74663,-9202.47,340.99,-0.09,-39.12,12.37876876,54.49821118,0.0,0.00,0.11,-3.13
21/02/2025,05:47:19.991,330256.88,6042117.08,19.74663,-9202.47,340.98,-0.09,-39.12,12.37876868,54.49821115,0.0,0.00,0.10,-3.12
21/02/2025,05:47:20.110,330256.94,6042117.17,19.74663,-9202.37,340.97,-0.10,-39.12,12.37876953,54.49821192,0.0,0.00,0.09,-3.23
21/02/2025,05:47:20.238,330256.94,6042117.17,19.74663,-9202.37,340.95,-0.11,-39.12,12.37876956,54.49821193,0.0,0.00,0.09,-3.23
21/02/2025,05:47:20.241,330256.94,6042117.16,19.74663,-9202.38,340.95,-0.11,-39.12,12.37876948,54.49821189,0.0,0.00,0.08,-3.22
21/02/2025,05:47:20.402,330256.94,6042117.17,19.74663,-9202.38,340.91,-0.04,-39.04,12.37876945,54.49821190,0.0,0.00,0.08,-3.22
21/02/2025,05:47:20.522,330256.93,6042117.16,19.74663,-9202.38,340.87,-0.01,-39.01,12.37876942,54.49821187,0.0,0.00,0.07,-3.22
21/02/2025,05:47:20.627,330256.93,6042117.16,19.74663,-9202.38,340.82,-0.02,-39.01,12.37876941,54.49821189,0.0,0.00,0.07,-3.22
21/02/2025,05:47:20.634,330256.93,6042117.16,19.74663,-9202.39,340.82,-0.02,-39.01,12.37876933,54.49821184,0.0,0.00,0.07,-3.21
21/02/2025,05:47:20.762,330256.93,6042117.16,19.74663,-9202.38,340.75,-0.02,-39.01,12.37876933,54.49821186,0.0,0.00,0.06,-3.21
21/02/2025,05:47:20.916,330256.93,6042117.16,19.74663,-9202.39,340.68,-0.02,-39.00,12.37876936,54.49821184,0.0,0.00,0.06,-3.21
21/02/2025,05:47:20.919,330256.92,6042117.16,19.74663,-9202.39,340.68,-0.02,-39.00,12.37876927,54.49821184,0.0,0.00,0.06,-3.21
21/02/2025,05:47:21.150,330256.92,6042117.15,19.74663,-9202.39,340.56,-0.02,-39.00,12.37876927,54.49821179,0.0,0.00,0.05,-3.20
21/02/2025,05:47:21.153,330256.92,6042117.15,19.74663,-9202.40,340.56,-0.02,-39.00,12.37876918,54.49821175,0.0,0.00,0.05,-3.20
21/02/2025,05:47:21.261,330256.92,6042117.15,19.74663,-9202.40,340.50,-0.02,-39.00,12.37876918,54.49821176,0.0,0.00,0.05,-3.20
21/02/2025,05:47:21.420,330256.91,6042117.15,19.74663,-9202.40,340.41,-0.02,-39.00,12.37876912,54.49821174,0.0,0.00,0.05,-3.19
21/02/2025,05:47:21.521,330256.91,6042117.15,19.74663,-9202.40,340.35,-0.02,-39.00,12.37876912,54.49821175,0.0,0.00,0.05,-3.20
21/02/2025,05:47:21.523,330256.90,6042117.15,19.74663,-9202.41,340.34,-0.02,-39.00,12.37876895,54.49821171,0.0,0.00,0.05,-3.19
21/02/2025,05:47:21.657,330256.90,6042117.15,19.74663,-9202.41,340.27,-0.02,-39.00,12.37876896,54.49821172,0.0,0.00,0.06,-3.19
21/02/2025,05:47:21.816,330256.90,6042117.14,19.74663,-9202.42,340.19,-0.02,-39.00,12.37876888,54.49821169,0.0,0.00,0.06,-3.18
21/02/2025,05:47:21.820,330256.89,6042117.14,19.74663,-9202.42,340.19,-0.02,-39.00,12.37876880,54.49821169,0.0,0.00,0.06,-3.18
21/02/2025,05:47:22.024,330256.89,6042117.14,19.74663,-9202.42,340.08,-0.01,-39.00,12.37876876,54.49821167,0.0,0.00,0.06,-3.17
21/02/2025,05:47:22.028,330256.84,6042117.11,19.74663,-9202.48,340.08,-0.01,-39.00,12.37876792,54.49821138,0.0,0.00,0.06,-3.12
